{
  "wnv2003": {
    "pool": [-115.55991333277777, 32.79452379068916, "El Centro", 1, "WNV", [
      ["9-16-2003", 1]
    ]],
    [-118.04247684088263, 34.01074820918973, "Pico Rivera", 2, "WNV", [
      ["10-9-2003", 2]
    ]],
  },
  "wnv2004": {
    "sentinel": [
      [-115.70466298389093, 32.76097984589758, "Seeley", 10, "WNV", [
        ["7-13-2004", 1],
        ["7-27-2004", 3],
        ["8-10-2004", 1],
        ["8-23-2004", 1],
        ["9-7-2004", 1],
        ["9-20-2004", 1],
        ["10-5-2004", 1],
        ["10-19-2004", 1]
      ]]
    }
  }
